Name;widthRatio;heightRatio;areaRatio;topRatio;middleRatio;symmetryRatio;innerhalfXRatio;baseTriangleAreaRatio;piecelikeTriangleAreaRatio;perimeterRatio;straightLineRatio;sharpAnglesRatio;gentleAnglesRatio
A;0.539;0.625;0.19;0.461;0.178;1;0.732;0.92;0.496;0.449;0.287;0;0.294
B;0.523;0.975;0.255;0.349;0.25;1;0.826;0.875;0.691;0.47;0;0.4;0.333
C;0.530749402764061;0.766807139992694;0.197219272581446;0.346007301024106;0.234207193669831;1;0.793879479269539;0.951455401962016;0.657402308428048;0.471689142398831;0.139004912080352;0.137681841374725;0.3141108307626
K;0.554486212827431;0.808698513579772;0.249246961683358;0.369064253234875;0.249654581947213;0.920149485785055;0.764581823253824;0.90511526967486;0.59353389532524;0.451644736332415;0.098402577061499;0.138646056399253;0.440483355687206
P;0.523;0.825;0.186;0.261;0.296;1;0.877;1;0.792;0.436;0;0.154;0.385