Name;widthRatio;heightRatio;areaRatio;topRatio;middleRatio;symmetryRatio;innerhalfXRatio;baseTriangleAreaRatio;piecelikeTriangleAreaRatio;perimeterRatio;straightLineRatio;sharpAnglesRatio;gentleAnglesRatio
B;0.523;0.905372085939671;0.222971159532249;0.308151623751274;0.271352560311834;1;0.849673490780512;0.933023261716941;0.737882795467288;0.454217672812992;0;0.28581022094106;0.357137676874247
C;0.486684980296383;0.751140289498251;0.187344620826138;0.321141902693116;0.26790877684014;1;0.835949320466744;0.937183252917152;0.711396106956826;0.43965457257643;0;0.311451047845975;0.333
D;0.598;0.8;0.293;0.312;0.309;0.776;0.732;0.922;0.58;0.436;0.037;0;0.667
E;0.523;0.825;0.186;0.261;0.296;1;0.877;1;0.792;0.436;0;0.154;0.385
K;0.523;0.975;0.255;0.349;0.25;1;0.826;0.875;0.691;0.47;0;0.4;0.333
P;0.523;0.934613848616964;0.227537417059535;0.289228495953106;0.269923834682298;1;0.840000532479453;0.932079093954691;0.754540878175977;0.482385086424131;0;0.328381891547415;0.333